ID,Nombre,Edad,Sexo,Altura (cm),Peso (kg),Puntaje1,Puntaje2,Puntaje3,Grupo
1,Persona1,23,F,162.70509891855187,60.949404389737985,93,22,32,B
2,Persona2,31,F,163.26102848910853,89.75233864829866,21,6,24,B
3,Persona3,21,M,155.7566033793255,79.72002411884598,86,100,1,B
4,Persona4,24,M,194.173425834989,91.60371764248751,49,24,50,B
5,Persona5,39,M,169.53108568675447,79.3080236211934,9,76,10,B
6,Persona6,26,M,179.040289437943,73.77995537892076,96,3,52,C
7,Persona7,24,F,170.50876920655202,52.85198713154817,95,38,14,A
8,Persona8,25,M,191.59917459174335,75.61234860409955,95,100,89,C
9,Persona9,26,F,157.84802601866892,85.73150788651068,90,60,79,A
10,Persona10,44,M,163.43584392353358,76.48078057025167,89,16,95,A
11,Persona11,58,M,167.97393833258207,84.45758854016422,8,80,97,B
12,Persona12,29,F,180.39399634839825,56.92750140625357,45,82,85,A
13,Persona13,50,M,179.59586451589678,51.19112129380414,67,2,67,C
14,Persona14,59,M,153.0569916890151,81.14887165231207,19,8,98,B
15,Persona15,31,M,178.353522033659,91.49032118265802,33,27,67,A
16,Persona16,46,F,177.6966929381289,86.25571506452708,35,37,4,B
17,Persona17,37,F,195.41158478104148,62.26636558133731,22,8,51,C
18,Persona18,40,F,196.871923960495,98.72323440956175,9,58,92,C
19,Persona19,38,M,187.05979621355613,57.26792900817816,97,10,77,C
20,Persona20,57,M,164.94986420257817,65.33833839836774,35,14,72,A
21,Persona21,44,M,176.09781893536731,75.58072070824419,24,100,84,C
22,Persona22,39,F,195.03564294595495,54.99963806684753,70,36,99,B
23,Persona23,35,M,191.02886592413256,50.0091503146568,76,29,28,A
24,Persona24,38,F,157.70791593858246,89.03965993203187,30,29,6,B
25,Persona25,46,F,171.06034212803368,58.033860556421786,23,56,83,C
26,Persona26,49,M,162.86784335098608,50.22981339593725,24,28,49,B
27,Persona27,59,M,170.42800530330845,97.49046332966921,8,97,51,C
28,Persona28,25,F,195.1975766235095,71.38027881874243,88,41,16,B
29,Persona29,59,M,154.67395080242403,71.69149590919099,67,18,66,A
30,Persona30,36,F,192.52030541705966,65.35253520701124,44,44,74,C
31,Persona31,33,M,155.4459235795269,55.96826392350765,54,84,78,B
32,Persona32,54,M,171.9827311432522,57.15267781297264,43,93,61,C
33,Persona33,40,M,166.46852386847775,96.41670416687859,75,64,29,C
34,Persona34,24,M,187.13367454381188,96.17021425525746,22,46,95,A
35,Persona35,56,F,197.29146005325077,74.37326552069754,36,34,27,C
36,Persona36,30,M,191.6678184748296,90.13977981584759,56,87,99,C
37,Persona37,22,F,194.25935535296205,82.68327609299598,69,74,87,B
38,Persona38,44,M,182.29555725952764,82.07704635281155,75,14,98,C
39,Persona39,59,M,177.03259875144573,88.66974935786511,1,87,87,B
40,Persona40,43,F,179.45487873071977,75.84778032062508,14,59,4,C
41,Persona41,41,M,185.07087355646144,84.50019148282163,72,11,68,A
42,Persona42,23,F,194.3395996651982,80.93024998553278,62,41,69,A
43,Persona43,20,F,196.8984912732558,73.29682291145238,59,46,75,B
44,Persona44,33,M,189.91824570171622,51.75988775091974,53,7,38,A
45,Persona45,23,F,160.29276140613408,77.72976989147358,5,71,2,B
46,Persona46,28,M,167.726739145595,79.69156261979272,86,58,3,C
47,Persona47,60,F,167.10853593340727,84.31585928278986,41,56,29,A
48,Persona48,35,F,169.33285841024437,70.33411605604826,50,26,79,B
49,Persona49,59,M,196.050970352852,63.470824231988225,62,27,52,C
50,Persona50,58,M,195.84979641342034,92.47810575742977,56,95,42,A
51,Persona51,56,F,158.7431157791604,83.72512954883766,34,21,1,B
52,Persona52,32,F,174.20577459328297,80.51352984638977,72,2,97,A
53,Persona53,42,F,185.0984230122836,86.70661878333928,69,21,21,C
54,Persona54,54,F,156.92657281873738,55.31472949764734,39,6,34,C
55,Persona55,49,M,195.85478550740112,73.7817333595768,38,27,5,B
56,Persona56,31,F,165.9037502369056,55.49261215659082,31,65,54,A
57,Persona57,37,M,154.46473490982075,79.09419148734051,98,43,92,C
58,Persona58,45,F,152.83253466820594,53.164749227893694,49,80,98,A
59,Persona59,57,M,198.56144033967553,51.311597027490116,53,71,83,A
60,Persona60,58,M,179.4123459763891,52.82788893974899,2,8,88,B
61,Persona61,25,F,179.8820136256752,92.7021921569311,67,4,51,C
62,Persona62,56,M,197.81262273453336,94.42576356416525,78,52,45,C
63,Persona63,25,M,166.4848740160754,88.9556279083855,86,52,9,B
64,Persona64,35,F,181.21550384877983,60.33889467600616,8,39,11,B
65,Persona65,22,F,198.63338968836507,70.64377990055327,27,24,9,B
66,Persona66,54,F,170.43338245369816,68.07594590065392,83,16,91,C
67,Persona67,56,M,185.74000074798118,77.90068513340599,23,66,42,B
68,Persona68,43,M,169.65323586313104,76.89831134335246,44,9,94,B
69,Persona69,32,F,160.06942030143514,73.86540589199677,13,37,83,A
70,Persona70,47,F,159.79425405852749,89.81892491698576,23,86,19,A
71,Persona71,37,M,170.57611663615887,98.46214527401453,24,37,7,A
72,Persona72,39,M,187.22543669290297,73.57503485625416,68,51,86,A
73,Persona73,47,M,173.20626125162715,77.22790626607335,88,8,82,B
74,Persona74,33,F,186.58671926314477,55.000005442170675,81,20,16,C
75,Persona75,58,F,194.26943679998624,95.89243087558187,83,47,30,C
76,Persona76,50,F,169.08295328835874,50.88859945364575,62,35,57,B
77,Persona77,32,M,181.37935023798795,59.60466466355645,87,52,56,B
78,Persona78,20,M,154.97476044181843,73.68602824978714,4,87,37,C
79,Persona79,56,F,177.9506864765023,64.24642928855182,36,68,66,C
80,Persona80,52,M,177.35909270581283,75.63495787799269,71,100,35,C
81,Persona81,34,F,167.43173353111763,99.50704889744313,34,75,37,C
82,Persona82,34,M,159.2012312634985,79.038487255402,69,21,83,A
83,Persona83,54,F,156.21953920980948,67.39459283867127,23,72,54,C
84,Persona84,43,M,167.41336084176302,92.37864735316964,87,66,92,A
85,Persona85,23,F,157.56552569901987,55.46042895954469,93,59,2,B
86,Persona86,35,M,158.76055131837578,87.02681923349733,46,69,100,B
87,Persona87,38,F,175.52395322904823,86.78629137340832,66,82,43,A
88,Persona88,25,F,182.51226346638092,91.93743185674583,34,6,83,B
89,Persona89,52,M,163.28575476340606,99.03099951116698,2,91,58,A
90,Persona90,33,M,170.13667235752717,75.1063684379996,73,35,31,C
91,Persona91,51,F,157.06137648444752,72.37824098775074,91,9,37,B
92,Persona92,37,M,153.47888319120082,68.65680505811068,6,17,57,B
93,Persona93,40,F,159.1314848320368,78.63225703696536,79,64,28,C
94,Persona94,42,F,192.43271266977231,88.78876081589175,22,70,45,A
95,Persona95,53,F,191.08712556903527,99.82428941489943,6,17,80,B
96,Persona96,25,F,184.22568144647704,60.76934324822394,63,61,9,B
97,Persona97,38,M,198.30691499728462,71.10926815916588,57,27,78,A
98,Persona98,22,M,173.56657446759567,58.512033856684724,25,82,81,A
99,Persona99,44,M,187.45544174752544,87.89761901750774,5,2,46,B
100,Persona100,50,F,188.9346731407307,93.11987926480612,72,83,63,B
101,Persona101,47,M,163.1455962289389,73.39850827851144,65,69,54,A
102,Persona102,30,M,166.44091121435025,69.30709726680405,47,83,84,C
103,Persona103,25,F,197.1667487767397,90.07961810771492,57,97,3,A
104,Persona104,32,F,173.9246551626672,50.25621323760941,7,74,42,B
105,Persona105,39,M,154.88149812766022,77.19186701898577,43,94,60,A
106,Persona106,25,M,163.13973619535963,63.46600745503207,65,18,22,C
107,Persona107,52,M,194.62676991024182,77.11348214641905,43,48,96,C
108,Persona108,40,M,175.45691336960414,57.217894304646855,32,26,49,A
109,Persona109,20,F,193.40202753145522,70.5604706240606,78,60,47,A
110,Persona110,24,F,185.66783000713406,66.56792417691895,70,49,56,B
111,Persona111,56,M,187.05070893807488,96.78710291356188,49,71,7,B
112,Persona112,30,F,153.72784691029528,96.52355712795816,59,64,13,B
113,Persona113,29,M,193.56629483057938,61.68631861939076,3,32,17,B
114,Persona114,24,F,176.08285815600948,62.97523987918552,8,13,30,C
115,Persona115,45,M,196.09766298292178,69.50159240713994,1,7,8,B
116,Persona116,51,F,165.36939219056447,70.88621102787054,79,73,19,B
117,Persona117,21,F,190.6887944633484,73.78069015547771,11,63,12,A
118,Persona118,43,F,198.64215381936293,88.60690450738454,59,17,99,B
119,Persona119,53,F,180.62768204286823,53.25611686285178,69,50,73,C
120,Persona120,46,F,198.86428754856274,54.782352160591316,4,95,44,A
121,Persona121,28,F,159.71849205621646,54.08982959574426,14,49,96,A
122,Persona122,37,F,172.36442787133817,80.82063112862055,47,28,27,A
123,Persona123,22,F,180.03369992558862,88.94178071013252,93,96,12,C
124,Persona124,25,F,175.81275918023658,78.59143740574014,30,46,53,C
125,Persona125,60,M,171.8720877018775,63.09215220731597,9,56,93,C
126,Persona126,56,M,172.16776395041802,78.29434305258589,62,12,25,A
127,Persona127,36,M,190.88789375689916,99.73433092940752,58,52,47,A
128,Persona128,59,M,189.98377705386184,50.168005240643616,5,69,44,C
129,Persona129,44,F,168.95521903602216,84.0714362370615,33,11,35,C
130,Persona130,36,M,173.02311457454329,81.10815616898918,2,92,45,A
131,Persona131,58,M,174.78165207375926,97.95626727825828,78,94,54,B
132,Persona132,52,M,178.06701425009965,82.56931151266872,16,33,70,C
133,Persona133,36,F,180.01806469338158,83.13866530180519,44,47,81,A
134,Persona134,47,M,161.14768357613002,54.53775738260545,7,51,93,A
135,Persona135,43,M,163.9725620052299,91.4911555993401,43,32,13,B
136,Persona136,31,M,178.17950613242542,73.76918211473114,6,54,63,A
137,Persona137,58,F,175.16469008445875,68.87209168006163,97,42,7,A
138,Persona138,25,F,167.84482707282808,86.3912290361321,8,12,27,A
139,Persona139,27,M,182.8008698171953,62.79402879737786,36,72,10,A
140,Persona140,37,F,194.0716489806021,90.10612548488623,52,3,99,C
141,Persona141,44,F,192.74567185602075,83.4788031279554,78,95,40,C
142,Persona142,55,M,157.8981458242221,96.71031122447482,11,83,47,B
143,Persona143,47,F,192.1653325143194,73.77748822850958,16,93,24,B
144,Persona144,20,F,174.56819896965388,52.45953183768751,67,23,49,B
145,Persona145,31,F,194.489839657524,59.990129602522586,83,2,2,B
146,Persona146,56,F,177.21351744763032,99.21003507295411,89,1,6,C
147,Persona147,42,M,163.68786508456313,99.71942282269667,88,13,12,C
148,Persona148,41,M,187.88791337748327,65.21750253262256,87,37,40,B
149,Persona149,39,F,160.9905602047961,72.03537357229716,75,29,52,B
150,Persona150,51,F,166.7133133146661,80.63163763314041,33,67,34,A
151,Persona151,47,M,177.69211888672504,62.72361406805445,90,7,45,A
152,Persona152,57,M,181.79133923274,76.49381557627875,89,6,71,C
153,Persona153,21,M,166.0853550955065,68.61535843465029,83,87,82,C
154,Persona154,32,F,164.68886067328123,79.74296582146857,27,87,25,A
155,Persona155,50,M,192.49062060883236,69.86829645716634,66,52,26,B
156,Persona156,52,M,161.661551057106,73.45578843739428,43,73,27,C
157,Persona157,33,M,159.25883823509088,63.368594322116934,87,71,20,C
158,Persona158,44,F,199.48508074472602,61.91034276604813,2,73,62,A
159,Persona159,38,M,196.78782277505292,74.01466783522433,20,54,78,C
160,Persona160,49,M,177.383879218956,83.80837305596819,38,2,64,A
161,Persona161,56,F,177.6603688549951,62.4029786602615,15,10,39,C
162,Persona162,60,F,173.99496055082764,95.46602792029414,75,30,49,A
163,Persona163,28,F,169.31951622785706,85.81474897753532,40,79,90,C
164,Persona164,57,M,156.56249917847146,93.59089638352253,40,71,22,A
165,Persona165,58,M,167.5161745061292,77.31744840040339,45,18,91,C
166,Persona166,38,F,175.60211429166736,51.05802698616546,78,30,14,C
167,Persona167,44,M,163.08877600829362,56.02065266502403,92,26,78,A
168,Persona168,20,M,175.38275310616757,56.399543306808035,57,86,34,C
169,Persona169,48,F,183.26328962644564,91.9833216064202,61,42,2,C
170,Persona170,60,M,199.4504579642115,71.67113088483305,31,23,49,C
171,Persona171,54,F,152.73807041026654,68.65788219078205,60,1,32,A
172,Persona172,26,M,180.8936494502173,77.81205661408774,19,95,98,B
173,Persona173,21,F,159.39337041108257,76.86772454268493,38,6,60,C
174,Persona174,44,F,193.44044188693553,56.824568736974655,14,12,71,C
175,Persona175,43,F,162.13236732387975,70.97340800343363,70,54,27,B
176,Persona176,59,M,167.99899946461989,57.65593605111018,68,62,12,A
177,Persona177,38,M,197.6864091990401,81.78411442870447,44,73,27,B
178,Persona178,49,F,188.1859321680909,80.58516157731295,26,75,63,C
179,Persona179,45,F,153.072174824712,65.96967205372309,95,10,50,B
180,Persona180,59,M,199.2327502333805,66.96092845069772,98,60,40,A
181,Persona181,34,M,175.58816350483653,66.78663147581844,2,69,98,C
182,Persona182,32,M,176.61914682874462,59.51581433453265,90,24,47,A
183,Persona183,57,F,151.60373113800668,57.462011055959636,24,43,87,C
184,Persona184,40,M,184.92302297357136,61.28173723926268,41,92,75,A
185,Persona185,28,F,156.09607224488,85.055834636716,47,56,11,A
186,Persona186,24,M,151.17584427807157,97.66140863156896,58,65,55,B
187,Persona187,42,M,162.58907577541703,61.455195289803385,94,9,75,C
188,Persona188,23,M,168.435787381578,59.204105228787874,34,70,70,B
189,Persona189,33,F,171.93597791666238,78.53778452387552,33,21,81,A
190,Persona190,28,M,167.13329775992355,54.92611292096938,24,72,91,B
191,Persona191,26,F,176.3244728262329,52.44672569043604,44,3,68,B
192,Persona192,34,M,164.06447249667772,67.74000858028114,24,24,91,A
193,Persona193,52,F,163.10917387199663,54.665265033956445,98,24,95,A
194,Persona194,45,F,163.88727618839826,74.66160845523149,89,72,44,C
195,Persona195,28,M,170.74997882156023,96.34369992762612,13,48,14,A
196,Persona196,44,M,155.60330094556812,77.16799324387661,34,51,13,C
197,Persona197,57,F,198.47325802635032,55.949604383317414,19,54,6,B
198,Persona198,40,F,169.95246856024977,85.63892620360443,93,75,74,B
199,Persona199,53,F,163.75746920549645,60.34848814341876,6,86,69,C
200,Persona200,42,M,199.33871881221867,71.62472930217069,62,27,62,A
201,Persona201,37,F,191.31843690264571,97.27047697705349,7,4,81,B
202,Persona202,44,M,166.9762009792172,82.35546097121036,82,57,65,C
203,Persona203,30,F,193.4285096790995,85.66170609475802,87,79,49,A
204,Persona204,44,F,168.94267051501348,91.75865740061325,31,52,90,A
205,Persona205,29,F,197.1269518941746,89.55097168784187,67,25,52,B
206,Persona206,42,F,193.85035553782254,72.09991976143266,22,84,36,A
207,Persona207,20,M,160.18331753974175,81.73217427795764,6,68,22,C
208,Persona208,52,M,189.5047663582869,66.59848508367571,71,14,79,C
209,Persona209,40,F,187.87428573231327,75.73773266468191,83,57,10,B
210,Persona210,32,M,189.98611457940993,62.61310739563097,60,82,71,A
211,Persona211,33,F,189.7210808676266,59.9010959285141,86,30,7,C
212,Persona212,49,M,166.0293286028589,70.47630729488662,95,42,21,B
213,Persona213,26,F,175.63092443824735,88.92746615259915,24,94,60,B
214,Persona214,44,F,192.18208653676123,90.33073618426958,8,89,38,B
215,Persona215,24,F,199.27945657733991,92.75665946973386,40,94,51,C
216,Persona216,26,F,183.51272889914304,67.42549350913254,20,54,26,A
217,Persona217,42,F,152.92855948241544,93.47591807388454,1,84,37,C
218,Persona218,57,F,199.26466652822248,62.8069983404724,80,39,10,C
219,Persona219,22,F,152.4079047390071,84.33300728152835,31,9,82,B
220,Persona220,59,M,196.23663390451992,83.95128088736168,4,55,82,B
221,Persona221,46,M,175.65674608031293,52.30382148056842,51,85,27,B
222,Persona222,45,M,167.26917259393215,50.429055114189765,48,60,13,C
223,Persona223,60,M,196.941068960756,50.57311743386638,44,33,19,B
224,Persona224,50,M,195.59673642441817,64.93632302919485,64,71,83,C
225,Persona225,37,F,180.13851194596072,88.85834951212317,55,61,51,C
226,Persona226,39,F,169.5904591820876,55.59125536709061,89,41,33,C
227,Persona227,40,F,158.60329396055812,70.75115461198482,83,21,51,C
228,Persona228,20,M,194.3391234043754,63.457015510215264,96,27,25,B
229,Persona229,57,M,185.00271052163407,91.07671432821815,83,71,67,A
230,Persona230,25,M,151.97816264338147,93.69743982698323,67,84,30,C
231,Persona231,25,M,165.2350072777169,55.040254249525795,62,58,36,C
232,Persona232,48,F,195.34157461761853,52.38437747832859,12,36,68,C
233,Persona233,55,M,163.90462252762174,70.2796828315313,63,73,60,B
234,Persona234,33,M,167.69854901274937,88.53064898075591,3,96,48,C
235,Persona235,53,F,157.7395360441621,86.53527197613997,35,48,25,A
236,Persona236,42,M,192.63828246564339,51.56501489958826,90,31,63,C
237,Persona237,25,F,187.04601018218065,72.94330641421982,94,41,56,C
238,Persona238,35,M,168.8594078224134,68.86174813621854,95,61,65,B
239,Persona239,45,F,170.47286755321727,79.00343727115727,21,63,55,B
240,Persona240,20,F,168.95621469908951,95.19904137767297,19,59,38,B
241,Persona241,32,F,168.676377280018,83.75899467012923,4,41,19,C
242,Persona242,55,M,163.02770781666922,74.06277744366905,70,63,75,B
243,Persona243,20,F,187.03605133839127,52.382697822132286,68,86,13,A
244,Persona244,26,F,155.83572386194584,51.60616837231662,61,38,17,B
245,Persona245,56,F,186.5104688501899,84.33913949271499,38,78,5,A
246,Persona246,36,F,189.38306295606628,67.86839078178677,53,88,42,C
247,Persona247,51,M,153.57703682791148,62.10467682311255,20,18,70,B
248,Persona248,38,F,169.72113058362783,62.30434710163165,44,46,44,A
249,Persona249,24,F,192.39953420755393,52.26169367181831,55,83,49,C
250,Persona250,38,F,153.04766689753114,63.3494258434587,10,20,80,A
251,Persona251,42,F,180.61912986989466,58.71375186457679,51,29,58,B
252,Persona252,58,M,168.79945053620682,87.64338758990147,64,56,94,A
253,Persona253,29,F,191.27584990061413,63.87611136692461,84,65,29,C
254,Persona254,51,M,198.20438209045614,95.0430117427494,70,31,50,B
255,Persona255,42,F,181.267044549284,87.22803784627727,86,11,3,A
256,Persona256,28,M,160.36570117663368,95.92832061810998,46,69,44,A
257,Persona257,24,F,167.43056533332006,91.41350635173208,79,78,4,C
258,Persona258,50,M,154.50640983880868,83.33483301096396,53,85,85,C
259,Persona259,41,M,195.93329770246297,69.9403125597928,19,96,12,A
260,Persona260,44,F,180.80469369845042,96.02369598831928,83,43,21,B
261,Persona261,49,F,167.86508748430907,89.35129722976099,50,86,98,A
262,Persona262,30,M,177.44781010719194,65.40315138229465,53,13,4,C
263,Persona263,29,M,156.6271186218895,74.49728560505156,17,53,82,B
264,Persona264,46,M,186.53270263850843,72.86553021041806,19,46,66,C
265,Persona265,33,F,173.87940406715236,65.78831652586965,11,24,2,B
266,Persona266,41,M,196.7552041903788,82.5398578485534,31,49,95,B
267,Persona267,52,F,197.62917295642416,76.21269449880691,48,45,95,B
268,Persona268,46,F,183.29240561544998,68.3278437482175,100,31,66,C
269,Persona269,42,M,160.02793078393267,74.54216991050517,1,25,54,B
270,Persona270,36,F,189.2657036754938,76.02364445098888,9,9,92,A
271,Persona271,34,F,158.20054946349114,71.79440164342044,23,51,51,C
272,Persona272,43,F,198.37450438558574,86.44835523061971,29,41,53,A
273,Persona273,52,F,162.52010780559888,54.469849895703774,46,53,49,C
274,Persona274,33,F,193.87259722921237,52.337207285493626,16,27,52,A
275,Persona275,33,M,190.26032212645026,67.54348120440838,55,99,6,B
276,Persona276,32,M,178.061399544189,79.05798425570308,84,89,30,A
277,Persona277,37,F,189.20994735555928,93.86647817060633,76,65,32,A
278,Persona278,36,F,154.5325920979542,77.39773762514922,83,100,36,C
279,Persona279,21,M,158.35814165421476,70.4286062061897,88,3,12,C
280,Persona280,35,M,162.18826571067368,57.81920402502296,86,20,18,B
281,Persona281,24,M,191.1489359299211,73.92831164064727,33,60,26,C
282,Persona282,36,M,187.74099692609812,87.06622938144088,3,84,56,A
283,Persona283,51,F,190.05134329969792,65.20998823869303,45,85,66,C
284,Persona284,52,F,153.9581524284906,97.05193201843403,91,96,68,A
285,Persona285,33,M,151.20291424279708,89.68031544087486,31,22,52,A
286,Persona286,30,F,189.27321204055494,99.03456956475924,40,67,78,B
287,Persona287,41,F,195.58790180566513,75.8645020149018,30,72,75,A
288,Persona288,24,M,153.2324370609042,96.2887499678171,22,5,78,C
289,Persona289,53,F,169.15622796566046,54.81887643285424,83,44,23,A
290,Persona290,46,M,168.67485299280384,73.61468642469976,81,17,26,B
291,Persona291,55,M,150.09136053261534,74.28484046486436,21,37,31,B
292,Persona292,45,M,165.98645849077192,61.08183980851175,17,31,94,C
293,Persona293,33,M,190.76135417774475,89.73442143205216,36,88,62,A
294,Persona294,54,M,174.9928630187452,94.80372044083143,79,55,2,C
295,Persona295,53,M,172.5926330707827,91.54022547395775,21,77,65,C
296,Persona296,47,F,199.46361365331063,85.97619954987232,83,28,12,A
297,Persona297,24,F,165.7893125855748,94.08191548671468,62,64,97,C
298,Persona298,22,M,171.80797900266265,73.1299700142828,12,36,41,C
299,Persona299,20,M,179.00832238036543,59.14944054761557,6,89,77,C
300,Persona300,23,F,189.22993600008311,92.45942814345008,99,48,9,C
301,Persona301,34,M,191.37270191246364,63.95215682880416,94,5,16,B
302,Persona302,27,M,198.35602120746546,77.40576086983438,93,12,21,B
303,Persona303,21,M,197.716909693012,96.21779600601116,72,67,39,A
304,Persona304,23,M,165.0510591852653,57.55168136936935,30,27,45,B
305,Persona305,43,F,165.96941997897036,72.07417517586717,85,63,82,A
306,Persona306,20,M,199.34860891641915,55.540936958934964,25,97,46,C
307,Persona307,24,M,152.52201711880844,86.77034578593981,75,64,75,C
308,Persona308,55,M,165.94828644463124,58.60584064470316,75,8,99,A
309,Persona309,54,M,190.26340237749758,68.85182455268284,85,52,27,B
310,Persona310,48,F,173.75145903734037,56.30197108525192,35,100,53,B
311,Persona311,20,M,167.64824250837415,75.61508866613272,90,82,16,B
312,Persona312,60,M,156.0244383390633,95.63310178611968,30,5,52,B
313,Persona313,27,F,164.9019051593356,87.17446980082468,79,87,6,A
314,Persona314,57,F,155.2080361177062,78.13268487258097,24,55,89,A
315,Persona315,23,F,184.9593910932656,63.13659637863992,12,32,27,A
316,Persona316,39,M,151.8526965494428,59.75186521011271,10,8,30,C
317,Persona317,29,M,162.39220880016717,76.4123757393832,91,38,23,B
318,Persona318,55,M,154.69375493815835,63.8902647580474,95,22,17,A
319,Persona319,20,F,172.73824167339006,70.1942859619943,35,33,61,A
320,Persona320,26,F,193.4974294965916,66.48952784130762,24,37,48,C
321,Persona321,50,F,153.19923076542503,92.01527831871397,48,36,10,B
322,Persona322,56,F,166.1980946550991,72.58388021275454,16,1,93,B
323,Persona323,22,F,188.18402354292752,85.36783934494453,72,5,86,B
324,Persona324,49,F,184.0743466935496,94.64543016863894,39,25,69,A
325,Persona325,50,F,160.84719802930687,93.18106592418518,20,63,50,C
326,Persona326,20,F,161.40837525346848,95.86842336214576,34,48,84,B
327,Persona327,32,M,174.0806126452162,79.69394465142524,74,14,25,B
328,Persona328,56,F,177.6556966924365,70.01064154918029,89,78,71,C
329,Persona329,39,F,163.36958879745586,73.37863411631446,26,22,41,B
330,Persona330,28,F,150.32052035708452,57.32036508352223,76,13,48,B
331,Persona331,57,M,160.46176869639942,88.00117269441324,8,56,56,C
332,Persona332,29,F,170.72148623974434,75.34687308608456,99,75,34,C
333,Persona333,35,F,196.71722701326814,94.75616602373304,90,62,31,C
334,Persona334,34,F,177.5314476436596,64.68279616693353,20,44,40,B
335,Persona335,54,M,195.05586844588578,66.48873882547369,33,90,83,A
336,Persona336,47,F,179.95996790753736,91.71171016372982,7,20,3,A
337,Persona337,54,M,156.37009504308105,95.97751967899507,92,24,80,B
338,Persona338,26,F,164.66589982558085,60.27341521293392,98,7,99,C
339,Persona339,42,F,173.36414889664644,54.40391477844893,94,24,39,B
340,Persona340,34,F,168.03106011392182,54.490744591749724,82,54,3,C
341,Persona341,21,F,154.2042184107808,85.57183183623417,13,44,78,B
342,Persona342,60,F,155.86992105907143,84.79148625413234,54,88,2,B
343,Persona343,46,M,157.39109630318706,66.20467643368838,69,99,44,A
344,Persona344,56,M,190.11456878528833,87.94187389831853,87,91,95,A
345,Persona345,23,M,155.7984733319201,72.87733589377191,63,62,13,A
346,Persona346,29,F,164.64630749632082,77.09290960987637,43,12,17,A
347,Persona347,26,M,178.39217803293795,86.15357898671633,57,84,27,B
348,Persona348,32,M,179.21647768945476,66.98823450223617,72,66,39,C
349,Persona349,21,F,187.62198156838068,91.10779711683738,54,47,30,B
350,Persona350,29,F,177.6084851900135,88.2271805555529,67,7,37,C
351,Persona351,31,M,168.95421512963503,66.0879493047455,31,60,14,B
352,Persona352,56,F,196.24943102640358,54.15038012541743,69,94,2,A
353,Persona353,42,F,187.95190619743363,91.67891812019212,59,32,10,C
354,Persona354,35,M,177.45481284169986,93.53345807109662,72,75,24,A
355,Persona355,55,F,196.58998177448032,58.38611294972299,19,43,56,B
356,Persona356,33,F,168.7486663160115,79.78891254246327,85,41,23,C
357,Persona357,32,F,151.29232284123037,73.69533283554064,33,3,19,C
358,Persona358,32,F,155.8437663820031,52.464615128878826,73,13,21,B
359,Persona359,41,M,170.66315906250273,84.26859793031079,76,18,89,A
360,Persona360,33,F,191.92743299188993,92.22718193121442,39,57,88,C
361,Persona361,33,M,190.52032276530454,89.06421252597407,35,64,37,C
362,Persona362,38,M,169.82051349791982,84.7785157024114,94,25,64,C
363,Persona363,38,M,182.23795402428132,89.51707150663432,59,30,91,A
364,Persona364,27,F,171.8801626286507,61.53983729500421,84,73,39,A
365,Persona365,33,M,153.63367625315354,91.4968976687061,18,9,83,A
366,Persona366,47,M,185.37021909081855,69.41313748322148,2,3,38,C
367,Persona367,36,F,198.80610349127684,56.875556977586434,43,46,45,B
368,Persona368,50,M,178.21682970063011,89.62246941163178,57,1,44,C
369,Persona369,58,M,161.3066482621922,79.00135352398559,97,36,72,C
370,Persona370,38,F,191.5600899077668,84.00023972547291,98,73,36,C
371,Persona371,20,M,198.66289478752105,94.28483590385412,34,64,46,C
372,Persona372,24,F,154.9181133036805,64.97639889614996,96,38,21,A
373,Persona373,50,F,189.2915698733007,50.72567472257097,2,76,67,A
374,Persona374,45,M,188.96230989903782,88.25175524906051,86,24,20,B
375,Persona375,40,M,198.18975242843035,76.08069644040495,15,96,65,B
376,Persona376,24,M,160.70793624736183,82.45647459103627,20,100,94,B
377,Persona377,49,F,183.36174423641114,67.89060277674974,24,68,87,B
378,Persona378,48,M,152.6702133008938,75.24646536717654,83,46,10,C
379,Persona379,45,F,152.30154817529097,66.43140945073537,74,50,80,A
380,Persona380,47,F,183.85989652815982,82.31172167251911,84,92,56,B
381,Persona381,55,F,192.26591872641703,67.1700148477444,2,48,59,B
382,Persona382,56,M,164.71661505323405,57.97188927723159,85,51,7,B
383,Persona383,51,F,159.48918216420543,73.22433282230942,54,88,56,C
384,Persona384,29,M,183.4417298594007,84.34220894930587,28,96,90,A
385,Persona385,29,F,184.63777333526713,88.37062533008903,82,54,46,B
386,Persona386,29,F,197.97947659178485,61.71281513214004,6,35,31,A
387,Persona387,56,M,168.1109729456387,82.78947479202787,37,98,68,B
388,Persona388,53,M,159.03035364024265,71.06515146288538,55,19,30,B
389,Persona389,24,M,198.60617776945583,69.36531146688043,44,77,75,C
390,Persona390,51,F,173.1249968456373,64.62946529711594,23,38,32,B
391,Persona391,31,F,192.03033706933593,75.01609827031663,47,46,36,C
392,Persona392,36,M,157.15504624372187,93.12966499396694,72,65,77,B
393,Persona393,21,M,166.14832581054333,59.487859788363565,64,60,10,A
394,Persona394,53,F,158.45038810290666,82.39482087589069,3,52,63,B
395,Persona395,20,M,183.83439316707023,77.69950200026983,70,95,52,B
396,Persona396,38,F,180.53533495511726,82.48658675664205,2,70,86,A
397,Persona397,32,F,197.89308090735562,67.88628520076607,99,82,72,B
398,Persona398,21,F,169.66034378792492,66.6901763381327,75,75,49,B
399,Persona399,53,F,187.16902760098645,73.4683047018413,57,9,15,A
400,Persona400,48,M,172.19206318108004,74.04533508084609,4,41,40,C
401,Persona401,35,F,198.35802934833526,66.55885077371599,9,77,19,C
402,Persona402,49,F,161.7572157017243,76.15836029655965,99,43,95,B
403,Persona403,46,F,193.27074048683698,86.72251817772948,69,25,31,B
404,Persona404,56,F,180.7381512079294,97.45938008908124,10,96,42,B
405,Persona405,22,F,198.1529479826345,63.77475656783077,90,56,92,C
406,Persona406,49,F,194.11551773284165,60.92815684377404,71,92,25,B
407,Persona407,46,M,169.4207945533975,89.52767838967944,21,10,68,A
408,Persona408,33,F,196.2516524399104,84.25434270198693,76,28,18,C
409,Persona409,36,M,166.85713993006016,65.46538723794193,59,81,96,C
410,Persona410,50,F,172.18206860495164,80.781488419852,20,9,61,A
411,Persona411,21,F,178.72873880104706,69.50401274549077,75,43,48,A
412,Persona412,22,F,172.5602056654622,66.24961559143881,73,6,6,C
413,Persona413,21,F,190.42010291088707,98.91546117072694,62,81,10,C
414,Persona414,45,M,191.1929614086305,96.72837730638776,36,51,68,C
415,Persona415,47,M,199.7174127783102,94.71814347227061,12,60,52,A
416,Persona416,24,F,185.4528539309647,88.7088831387972,70,27,58,A
417,Persona417,55,F,171.15438530101628,60.6499881710905,78,46,86,C
418,Persona418,49,F,166.12853698636724,83.84035245200619,46,28,63,C
419,Persona419,27,F,152.99672121095853,96.56238039972408,65,27,82,C
420,Persona420,59,F,185.68975432536703,68.80994785484366,25,94,52,B
421,Persona421,37,F,194.44274167807384,57.85227782830425,83,67,92,B
422,Persona422,56,F,191.91300769973637,97.5941021387865,63,62,58,B
423,Persona423,42,M,197.95545204181047,66.38949907160503,93,11,74,B
424,Persona424,55,F,183.59757258239594,51.18348689980431,9,56,14,A
425,Persona425,32,M,188.84305182167668,85.15152710752133,25,21,81,B
426,Persona426,48,M,158.50134248863816,67.73297717334697,44,49,3,B
427,Persona427,48,F,193.22767309379086,92.82393830613223,47,34,98,A
428,Persona428,30,F,150.56897419900844,54.804396265136475,38,79,33,C
429,Persona429,23,M,168.69718360028756,56.53002563288149,16,39,78,B
430,Persona430,56,F,196.60623605952844,66.0473255748814,52,58,22,B
431,Persona431,27,F,157.21001825978465,79.96968047142157,9,3,5,B
432,Persona432,38,M,161.96484336502195,98.92082829456123,36,70,89,C
433,Persona433,28,F,194.20805532248593,99.53023468258164,17,1,49,C
434,Persona434,44,M,160.1690667564012,62.12912403523035,25,91,81,C
435,Persona435,29,F,161.83482008210606,98.72318722908268,100,72,99,B
436,Persona436,52,F,160.41430450883863,83.91282588925094,40,86,63,B
437,Persona437,50,F,191.3852179120989,66.43416058884337,87,15,40,B
438,Persona438,50,M,173.9367331869177,85.00545500698372,88,80,43,B
439,Persona439,58,M,153.08405986151695,88.4298029957856,51,54,1,A
440,Persona440,44,F,164.17210079411797,76.70664861309463,77,29,39,C
441,Persona441,38,M,181.32303374150447,66.65677850822674,32,40,21,B
442,Persona442,28,M,155.9498633736756,51.910491846051194,85,32,78,A
443,Persona443,31,F,183.20136453398175,74.00425933872557,61,88,80,B
444,Persona444,25,M,165.5015751527762,64.54355192852816,67,99,53,A
445,Persona445,22,M,165.9752368452348,67.60255064207192,57,97,11,B
446,Persona446,59,F,155.5454364859655,94.01694197791528,19,24,99,B
447,Persona447,44,F,181.2385423590388,56.07795344965122,92,49,25,C
448,Persona448,57,M,162.72938216369283,77.9913141332868,21,44,37,B
449,Persona449,53,M,151.44772707879577,88.6737401789737,78,76,40,A
450,Persona450,52,F,191.7640641518403,84.31709886661847,88,73,43,A
451,Persona451,51,M,188.90536393732452,83.19608479097167,34,19,30,A
452,Persona452,39,M,163.14899939635194,79.00634838886043,80,18,60,A
453,Persona453,55,M,170.48467893556068,91.6150257663797,72,94,32,A
454,Persona454,26,F,158.55205571076516,69.10967149599395,24,49,46,C
455,Persona455,31,M,170.58847236339108,57.173964749353125,76,81,75,B
456,Persona456,43,F,196.76322062479912,68.1970215828885,5,12,25,A
457,Persona457,27,M,186.37502389241152,94.45006903931208,97,50,78,B
458,Persona458,39,F,152.27219649553209,89.4317791857521,66,67,100,C
459,Persona459,32,M,170.59536273264337,89.22771144904442,24,27,31,B
460,Persona460,37,M,196.50188158529005,92.9145917630426,15,51,70,C
461,Persona461,48,F,152.3487891468642,66.16013995282856,19,85,33,C
462,Persona462,22,M,162.79325864099636,60.071142743552365,39,94,11,A
463,Persona463,37,M,194.97937440157617,61.37626926089164,40,7,50,C
464,Persona464,51,F,164.3549735096129,93.29707088657027,85,52,78,C
465,Persona465,36,M,162.5040942016696,83.9308563346088,38,8,41,A
466,Persona466,24,M,198.79867376376924,89.68226030427313,3,68,72,A
467,Persona467,37,M,183.35588251463622,75.48652735308576,40,8,18,A
468,Persona468,40,M,180.68736044666716,50.29054866707926,44,55,9,B
469,Persona469,55,F,155.51827748088348,70.04492228156977,38,71,91,A
470,Persona470,31,F,153.10714895545988,62.56479747993313,18,6,55,B
471,Persona471,23,F,150.15674826179418,87.00434457916684,44,7,77,C
472,Persona472,52,M,179.14391787490504,74.9833341709065,26,63,23,C
473,Persona473,42,F,168.33335246329685,82.59024449147981,41,47,24,A
474,Persona474,37,M,154.50209513771594,68.46627639816745,5,87,75,C
475,Persona475,39,F,193.3726426858883,66.0263160277471,89,22,52,C
476,Persona476,28,F,166.51633333363165,80.22490521290699,3,84,7,C
477,Persona477,49,M,198.41180055873104,70.60270181267107,97,49,59,C
478,Persona478,60,F,192.4283459531835,78.14309555588258,35,20,22,B
479,Persona479,47,F,183.32771267943923,91.03282482252061,58,62,71,B
480,Persona480,36,F,172.09411624739204,57.47917735880506,55,44,29,C
481,Persona481,37,M,191.02668257814452,95.88045176497003,16,22,21,C
482,Persona482,56,F,199.7458201390467,74.27206313591057,62,74,100,B
483,Persona483,24,F,189.43472917191792,88.94520257388652,19,52,19,B
484,Persona484,54,F,197.94012442575695,83.05814785044889,53,33,58,A
485,Persona485,23,F,171.5599225940965,58.3195141370031,59,47,20,C
486,Persona486,38,M,198.1030061134938,96.37285315085074,37,75,79,C
487,Persona487,60,F,173.60179266510278,73.36535648857975,12,17,89,B
488,Persona488,38,M,152.23467970934803,65.90541707037079,83,6,15,B
489,Persona489,43,F,172.3559526138758,61.58414953324596,36,65,20,C
490,Persona490,39,F,188.8367047921223,66.46030557198935,31,79,10,B
491,Persona491,54,F,183.96014962725667,66.47742877698565,81,1,85,A
492,Persona492,46,M,179.96573053299613,63.35099614119508,36,95,26,C
493,Persona493,37,M,163.1064831109679,62.99345673360643,55,90,46,B
494,Persona494,41,M,186.81659344985596,82.10557322232486,5,5,25,A
495,Persona495,29,F,175.18767763277145,59.779673538409796,35,50,14,C
496,Persona496,20,M,171.5335660606239,71.33593905261,57,52,8,C
497,Persona497,47,F,151.97195842150563,70.76334942405549,19,62,65,C
498,Persona498,45,M,186.09283987190705,90.12827286975346,28,59,77,C
499,Persona499,42,F,168.25255975382805,53.674446304456396,15,94,5,C
500,Persona500,50,F,155.5543527208913,71.43727196669963,50,89,62,A
501,Persona501,55,F,193.7756614967994,53.09889340276457,28,54,56,B
502,Persona502,30,M,184.33956160339878,84.60131120066133,89,42,95,C
503,Persona503,55,F,190.2329840048743,92.48178724509705,15,95,100,B
504,Persona504,53,F,174.20626415536628,97.79438084367902,50,59,92,A
505,Persona505,45,M,189.39634543820534,96.53322307555933,85,72,17,B
506,Persona506,45,M,165.2480316849103,66.04203279321084,74,77,4,C
507,Persona507,35,M,172.66532036150008,81.64184457633081,10,32,72,A
508,Persona508,53,F,177.80312105142636,99.59268605581853,83,13,15,A
509,Persona509,35,M,151.7666962185419,61.04479862354698,80,13,92,B
510,Persona510,54,F,151.99441848063094,93.84790159645965,71,29,5,A
511,Persona511,49,M,177.99558896332874,71.70264047116365,27,65,91,C
512,Persona512,32,F,186.23480247768165,83.4936877837346,5,84,64,A
513,Persona513,54,F,177.7405479921524,63.65838589501282,3,44,73,B
514,Persona514,49,M,154.9506436012189,85.12322908855049,64,55,69,C
515,Persona515,56,M,150.73168509041076,57.49678585772735,43,68,4,A
516,Persona516,48,M,187.4334448376574,90.39952496071554,79,21,10,C
517,Persona517,27,F,187.59055252583397,84.45679582108309,28,74,20,C
518,Persona518,41,F,182.83661636416417,68.6845557325738,98,20,79,C
519,Persona519,44,M,195.54222236128194,51.210270585415394,78,61,34,C
520,Persona520,30,M,182.06457757572082,95.76393400282709,32,84,71,A
521,Persona521,27,M,155.3621754713007,76.75529782259815,68,42,82,B
522,Persona522,40,M,164.59002787904163,56.264357705087896,8,39,70,B
523,Persona523,28,F,150.73177752567256,89.82013943415461,13,62,19,C
524,Persona524,58,F,161.09539335459084,60.6551476325634,79,11,72,B
525,Persona525,32,M,152.37460664915073,74.53949447478713,92,18,64,C
526,Persona526,44,M,176.5050460483937,70.48435876489685,48,15,3,C
527,Persona527,40,F,190.50034172443446,82.56985098646314,71,98,63,C
528,Persona528,31,M,189.3354790012542,96.6465572050569,42,45,92,A
529,Persona529,21,M,168.26110704473746,54.61739068238134,18,84,54,B
530,Persona530,25,M,180.89620481346202,73.21788413988396,79,74,4,A
531,Persona531,26,M,177.30460850672515,88.6734791603283,90,11,64,A
532,Persona532,33,F,195.12719296424126,97.69400063459098,84,63,50,B
533,Persona533,53,F,171.00005031451113,88.21040605434465,86,31,94,C
534,Persona534,42,F,151.89078566671682,70.86132528597008,70,66,14,C
535,Persona535,58,M,171.6831150304069,77.27281982415955,95,30,61,A
536,Persona536,51,M,186.10255068136604,62.234324795544296,94,27,39,A
537,Persona537,27,M,188.36811826413484,86.0045304180889,39,35,93,B
538,Persona538,39,M,188.89033571187863,72.01417230267856,88,99,100,C
539,Persona539,28,F,163.55299413359822,70.00754418177695,66,34,20,A
540,Persona540,50,M,176.44618188479527,55.601699280042574,64,43,9,A
541,Persona541,42,M,154.3501885253192,84.22741016738797,57,81,54,A
542,Persona542,54,M,183.0375235082852,58.373389879044844,95,2,93,B
543,Persona543,32,M,195.4197494646399,89.8267782549776,35,14,96,B
544,Persona544,26,M,154.1728364851001,66.78521832160973,92,10,58,C
545,Persona545,30,M,198.9365346234475,67.31885979057424,93,49,95,C
546,Persona546,46,M,189.2140850620509,74.17421781195941,99,20,44,C
547,Persona547,60,F,166.37707076210535,82.25578169140641,87,51,2,A
548,Persona548,47,F,181.12770744325968,90.66241507838905,52,93,61,C
549,Persona549,42,F,165.9746104011961,70.4645784796758,7,76,52,C
550,Persona550,59,F,175.5157504354523,89.14311786062649,90,31,94,C
551,Persona551,34,M,152.36258258608132,71.98318894302298,31,7,38,A
552,Persona552,60,M,175.6994494910841,86.78298908041927,12,72,27,A
553,Persona553,20,F,165.9001808246266,55.76730226709529,87,22,78,B
554,Persona554,46,M,173.75009379338252,76.68728050546939,46,58,44,A
555,Persona555,54,F,190.39275219052897,93.32864026500647,38,77,49,B
556,Persona556,50,F,182.58750468512434,88.70804075420261,17,70,23,B
557,Persona557,49,F,165.8130792789547,68.46453736890122,1,95,54,B
558,Persona558,60,M,182.17471663172182,56.3168109813145,12,61,93,B
559,Persona559,39,M,177.27681466768183,76.25483418426526,46,85,33,B
560,Persona560,59,F,187.9839350643519,57.82858098526313,4,75,9,A
561,Persona561,40,F,152.3541809622374,78.20027537552056,22,88,15,B
562,Persona562,48,F,194.920873331324,63.07226590648057,12,1,69,C
563,Persona563,39,F,155.97607019179446,86.23107625931505,65,6,31,B
564,Persona564,23,M,195.1633061413944,93.53459740118836,27,95,82,B
565,Persona565,60,M,162.55898573891184,66.51637110943545,7,83,14,B
566,Persona566,40,F,177.79293674783528,88.03625968569146,32,32,59,C
567,Persona567,57,M,199.63177624181023,69.44343621276806,32,63,59,C
568,Persona568,34,F,194.86938671555265,85.45353133404973,98,71,81,A
569,Persona569,41,F,161.75865090615213,60.18359843771544,81,70,98,B
570,Persona570,55,F,151.0673859010574,93.49001114729187,32,2,20,B
571,Persona571,28,M,156.23640890919899,56.62036590357272,84,91,7,C
572,Persona572,33,M,181.0959757001684,98.9497729370209,94,54,68,A
573,Persona573,59,F,196.10220967215088,50.611698600980944,73,17,33,B
574,Persona574,35,M,163.85864087417698,58.295378110068995,74,33,64,C
575,Persona575,56,F,196.26004876531852,98.05447900205209,24,61,6,B
576,Persona576,43,F,191.90076315175136,62.160307911099515,100,93,72,A
577,Persona577,32,M,199.43645452591522,96.76429162421587,59,15,7,A
578,Persona578,48,M,187.1203668639731,54.880687108429086,27,99,98,A
579,Persona579,28,F,180.3604429327969,79.11333882882411,18,80,66,C
580,Persona580,41,M,151.60260305224105,95.83885659739245,31,51,82,A
581,Persona581,28,F,170.57003012980735,85.31429727264849,4,70,15,C
582,Persona582,32,F,161.67175931205512,62.47958840823701,91,14,57,A
583,Persona583,24,F,175.79968184185347,88.46585356609404,62,63,39,B
584,Persona584,22,F,185.13751368199797,71.05632603034067,40,40,97,A
585,Persona585,48,F,176.85869187836352,94.08061270450905,73,3,55,C
586,Persona586,28,M,163.77634432269264,73.96814665591128,33,89,79,C
587,Persona587,49,F,173.22354053949536,69.18350094002632,95,15,37,C
588,Persona588,27,F,154.59297982666024,85.62540054809338,46,46,57,C
589,Persona589,47,M,179.96040193569385,77.51386395908582,38,44,21,C
590,Persona590,33,F,161.88182949867826,91.69523317587695,51,29,9,B
591,Persona591,57,F,167.55528484389373,78.81238936627958,47,34,5,C
592,Persona592,22,F,168.45149263100646,98.03065603184862,80,83,49,A
593,Persona593,50,M,182.92829261510815,59.53967040093865,15,19,24,C
594,Persona594,52,M,188.98080389516784,75.65082131746799,42,39,86,A
595,Persona595,29,M,155.72786146828568,75.0540396474384,2,23,79,B
596,Persona596,60,M,156.0662015655997,69.0432766764584,91,96,94,C
597,Persona597,56,F,193.3421658303601,97.64896941864555,28,75,34,A
598,Persona598,25,M,169.63977110473243,81.27551247382848,58,62,80,A
599,Persona599,33,F,165.38864945632383,60.869571102330475,29,57,48,B
600,Persona600,27,F,197.04863603505592,79.75176632911403,91,23,66,A
601,Persona601,29,F,171.49242441092485,94.61180416494807,38,93,53,B
602,Persona602,25,M,198.99636921662204,79.53391319170615,34,26,29,C
603,Persona603,45,M,154.2421965697395,59.642650016793795,78,67,1,A
604,Persona604,51,M,177.18740184665435,71.12167191367236,78,17,29,C
605,Persona605,20,F,160.33292026233477,72.56639806626119,68,71,74,A
606,Persona606,39,M,156.10116546109785,61.64990157522834,94,64,56,A
607,Persona607,33,F,197.70947926621247,87.81305967292877,94,1,81,A
608,Persona608,47,M,186.31327578223357,67.49902639860403,96,11,43,C
609,Persona609,54,F,155.02970544721066,75.88461979362076,6,83,4,C
610,Persona610,22,F,188.68772490689219,77.6620730104842,7,73,58,C
611,Persona611,48,F,153.26991904318677,86.34885785714155,67,42,62,B
612,Persona612,38,M,198.0454906179699,90.72093445420677,47,9,95,C
613,Persona613,39,M,191.90108937153687,50.513286633038284,91,4,23,C
614,Persona614,51,F,150.086307206408,95.11593172111884,8,90,21,C
615,Persona615,26,F,156.84221163157625,67.55276942514884,74,38,67,C
616,Persona616,46,M,152.73682033850127,97.78697689161987,75,53,71,B
617,Persona617,28,M,174.39684553162738,82.76222610958591,49,30,73,B
618,Persona618,34,F,193.06164174054658,99.14599641437903,93,65,41,A
619,Persona619,22,M,192.78651763788835,96.6135669207973,23,57,96,B
620,Persona620,60,F,185.07902898600258,67.739265735327,44,13,37,B
621,Persona621,56,F,196.86647705952072,73.94073031493846,40,20,33,B
622,Persona622,56,F,165.57155309209924,81.40083842679235,44,74,90,B
623,Persona623,47,F,157.53133382044447,99.36919878651187,96,26,46,C
624,Persona624,57,M,197.27863106687894,74.71640918741481,10,42,72,B
625,Persona625,24,M,198.36892091160328,60.51900124997374,2,36,97,A
626,Persona626,37,F,162.68943515926668,56.0361890076948,73,41,42,C
627,Persona627,54,M,183.36984139257726,82.20916220812714,59,41,31,A
628,Persona628,48,M,188.3384133027303,52.97119796076047,30,67,45,B
629,Persona629,49,F,177.72749379005847,67.85552183665337,4,76,67,A
630,Persona630,55,F,154.40537037823003,96.96537057938828,8,19,24,B
631,Persona631,48,F,157.41319552011092,84.1364533215058,6,84,40,B
632,Persona632,26,F,155.3739654578981,57.1039459827241,92,8,70,B
633,Persona633,28,F,175.77950240460706,90.6713971268414,92,3,75,C
634,Persona634,60,M,180.78075355870754,65.37040720849492,84,24,35,B
635,Persona635,56,F,176.52791599181035,82.5470596986103,21,75,39,A
636,Persona636,40,F,152.34001496576724,82.89501043500309,87,20,83,A
637,Persona637,59,M,190.6911402550394,74.79269695263949,40,45,36,B
638,Persona638,36,F,197.38380480956624,96.44773087162125,19,19,74,B
639,Persona639,49,F,185.18334079744164,98.80282862245336,89,49,79,B
640,Persona640,30,M,175.04014308247878,64.64932972555518,87,100,29,C
641,Persona641,51,M,155.47332498284769,74.371592330815,67,2,19,C
642,Persona642,25,M,153.7664000235745,86.3986490223105,70,82,64,A
643,Persona643,37,F,150.74039934160095,93.2667113011016,20,93,60,B
644,Persona644,57,M,191.1041212233703,82.7419945314131,47,81,65,C
645,Persona645,43,M,150.83349124581255,73.66742889347617,99,17,3,C
646,Persona646,44,M,156.6417775049882,92.8232630513815,3,36,90,A
647,Persona647,23,F,182.97663825616937,59.25130207005287,98,45,91,B
648,Persona648,29,M,185.4650009417888,69.94143352018644,52,85,35,B
649,Persona649,50,F,192.4437999605712,87.1254590453901,45,58,36,A
650,Persona650,60,M,183.71915864502702,89.00248249535929,54,75,78,A
651,Persona651,47,F,176.08018269198902,67.35982163629907,64,73,90,B
652,Persona652,51,F,187.5579968778012,71.99852129406673,22,60,49,A
653,Persona653,60,M,194.32511758579864,90.35826606860886,32,42,6,C
654,Persona654,51,F,182.62034283194242,70.88234053238683,31,42,76,A
655,Persona655,35,M,150.65523541645962,51.81691432859261,37,79,9,B
656,Persona656,54,M,164.02127448588908,59.75744698083287,32,19,98,C
657,Persona657,45,F,183.64761897044798,81.53548398319384,18,16,76,C
658,Persona658,45,M,173.2867832920485,52.718568577861475,4,23,36,B
659,Persona659,26,F,188.6678911675985,93.0167087085639,35,49,51,A
660,Persona660,26,F,169.78717749906994,72.06022294978274,30,5,85,A
661,Persona661,57,F,184.6692578798506,84.90628349799144,1,55,33,A
662,Persona662,45,F,164.104986295426,66.75589426884507,55,94,95,B
663,Persona663,47,M,155.10822831237874,72.20898921966679,35,41,22,C
664,Persona664,32,M,192.90613331212646,81.66383440981174,76,37,21,B
665,Persona665,24,F,159.8397619182989,66.49171630074089,2,20,24,B
666,Persona666,37,M,188.60759763403112,53.48082257380242,38,93,93,A
667,Persona667,56,F,188.5396603986685,68.4779726526132,19,63,49,C
668,Persona668,40,M,180.0751484514516,81.04938765106672,17,80,54,A
669,Persona669,24,F,150.7874795303891,80.23635501340695,98,65,46,A
670,Persona670,60,M,161.85332557039374,61.02664424274478,40,23,77,C
671,Persona671,21,F,188.9069929012731,56.75282157360952,98,98,90,C
672,Persona672,56,F,153.68189843216248,73.35424067659167,1,3,6,B
673,Persona673,59,M,151.06127963871106,88.98874385096228,98,23,88,C
674,Persona674,28,M,186.6512737928116,77.63750132425815,90,36,33,C
675,Persona675,49,F,182.0970112506468,83.90654343345057,85,69,88,B
676,Persona676,52,F,190.43307868309304,90.83952505397987,65,6,8,B
677,Persona677,52,M,178.33045357141327,78.7706935195728,91,99,52,C
678,Persona678,35,F,190.4908241712581,64.43785418570936,58,13,37,B
679,Persona679,25,F,190.7942115991776,89.8890965264915,100,30,54,B
680,Persona680,60,F,173.0202854227346,58.86748124250783,80,57,30,C
681,Persona681,54,M,187.95994940035308,75.9180240713085,14,59,96,A
682,Persona682,40,F,171.1854832772107,55.54353715130633,72,94,91,B
683,Persona683,32,F,176.20882133208593,50.62469933939195,55,27,66,C
684,Persona684,57,M,183.39369573755963,88.0031251210588,95,2,16,B
685,Persona685,58,F,197.59092772058415,91.66066606605742,97,78,58,C
686,Persona686,24,M,188.72240029575386,63.756647690076484,64,21,30,C
687,Persona687,39,M,183.5674318960385,54.01737648709527,84,70,61,A
688,Persona688,24,M,188.60988641472233,72.91233288199257,20,69,43,C
689,Persona689,60,F,157.8065387035361,79.94308133402478,63,58,68,B
690,Persona690,41,F,177.42788720494477,72.86218367272538,14,96,73,A
691,Persona691,31,F,151.01557428125818,54.11986566151992,75,21,29,A
692,Persona692,60,F,157.60640832175756,50.63251534034677,99,68,56,C
693,Persona693,51,F,183.91157233899037,66.54774409140848,10,66,70,A
694,Persona694,54,M,174.81873590287364,94.9040787415124,40,96,59,B
695,Persona695,48,M,187.6135224992543,51.32830863569403,47,70,2,C
696,Persona696,27,M,186.81576500452346,54.04014960964513,86,61,62,A
697,Persona697,34,F,197.86169248544496,53.17200734597714,30,74,60,A
698,Persona698,50,M,178.43911289360585,92.4347255471491,63,67,66,B
699,Persona699,25,M,178.8693208390323,72.80052973759258,34,38,44,A
700,Persona700,29,M,161.9953519892202,63.97308800369318,40,49,76,B
701,Persona701,41,M,161.32286759502583,86.90190655836504,21,26,86,C
702,Persona702,25,M,179.45354754148792,68.45290715520613,95,40,10,A
703,Persona703,56,M,187.7327987866227,60.87878631430526,26,84,80,C
704,Persona704,49,F,187.90345495720783,98.28624762044615,14,31,63,B
705,Persona705,41,M,169.6997071395676,80.08307988310708,41,49,47,C
706,Persona706,28,M,176.04643774733293,51.85737283504342,66,74,100,A
707,Persona707,23,M,169.38069271853217,86.47123057351877,82,72,33,A
708,Persona708,31,M,186.5831153653936,88.18185665193947,28,77,73,B
709,Persona709,42,M,151.0149465253844,96.10874205319269,66,20,93,C
710,Persona710,34,M,187.04473735579737,92.05566752268373,74,62,55,C
711,Persona711,25,M,169.0514891478864,55.6168406300898,79,29,6,C
712,Persona712,54,F,170.06807619438078,76.23312197409487,94,28,89,A
713,Persona713,34,M,188.30469016211347,73.40350863662351,23,1,88,B
714,Persona714,46,M,191.95611452232345,54.7665159124243,1,38,59,A
715,Persona715,33,F,153.88937005726308,78.71135532531642,1,25,70,A
716,Persona716,55,M,191.5145688455507,93.76914710427769,15,3,9,A
717,Persona717,55,M,162.33668075270265,90.91870704350565,11,79,87,C
718,Persona718,59,F,151.72021503446217,54.22551764641689,27,7,21,A
719,Persona719,29,F,195.00197382279083,93.35854691064634,49,51,11,C
720,Persona720,33,M,151.995516502329,50.91726078415246,21,59,11,C
721,Persona721,60,F,171.18457088754928,71.31994221724426,84,76,55,C
722,Persona722,35,M,178.63887997590152,92.26703820883998,17,26,22,A
723,Persona723,47,M,151.76785505149863,67.93341086008904,90,24,38,C
724,Persona724,20,F,155.28745818748644,59.193235524477224,13,65,18,C
725,Persona725,26,F,150.4596604749894,95.85261184695585,96,26,49,A
726,Persona726,27,F,163.10860523744498,77.62090590247512,54,54,73,B
727,Persona727,55,F,160.46201059360467,63.07462426415345,60,75,12,C
728,Persona728,27,F,184.26718386985286,75.98289638209232,42,11,41,C
729,Persona729,27,F,183.6137036584538,78.04487602640884,73,8,57,C
730,Persona730,25,M,168.7906510614591,57.174507336761565,75,80,93,C
731,Persona731,56,M,176.16094448063055,66.24152268687762,46,80,79,B
732,Persona732,34,M,176.69977981122113,53.54515292767115,12,95,77,C
733,Persona733,41,F,194.57065755388973,95.94497825589947,62,90,20,C
734,Persona734,27,M,183.5497549899731,71.31733411997175,73,7,4,B
735,Persona735,59,F,151.2944408125346,97.61651999933937,89,7,6,B
736,Persona736,52,F,178.27057617367544,74.60226355538857,78,87,83,A
737,Persona737,34,M,169.51523338447564,68.37680229441314,40,42,79,B
738,Persona738,41,M,154.68735274009677,83.77013392274733,44,95,52,B
739,Persona739,45,F,158.38145173078382,81.01461944535815,73,62,85,B
740,Persona740,58,F,188.9291557137373,84.73132800721262,87,53,56,C
741,Persona741,35,M,163.0299702198115,52.324239936748604,18,2,58,B
742,Persona742,24,F,194.2357429989993,80.90052536160552,39,51,54,C
743,Persona743,54,F,164.22208302151745,51.70843480489479,5,48,91,C
744,Persona744,52,M,161.86188086839377,56.27611586117017,99,72,2,B
745,Persona745,56,M,160.2759242496011,85.64191916190754,89,66,51,A
746,Persona746,56,F,189.95150582927715,55.57574823977705,33,61,80,A
747,Persona747,52,M,192.5441331732631,84.33580443801262,90,60,42,C
748,Persona748,40,F,185.48869810720976,93.77516072103961,2,34,51,A
749,Persona749,28,F,173.81446320819185,89.5575483222479,17,5,31,A
750,Persona750,38,F,199.12375353012524,77.69957411748882,65,81,36,C
751,Persona751,47,F,170.49013771261073,82.79766141332391,19,82,57,B
752,Persona752,55,F,193.85903820321067,97.4614142762729,16,15,67,C
753,Persona753,45,F,157.8744849989138,90.48995562305976,73,28,6,C
754,Persona754,20,M,164.4062684865199,83.23282415235047,66,79,100,B
755,Persona755,31,F,150.8238133054383,78.61085556645558,31,60,46,C
756,Persona756,24,M,192.47575451084157,65.48818252684342,84,39,87,C
757,Persona757,50,F,171.60789951749695,79.25637616917464,42,6,46,C
758,Persona758,31,F,159.58657370746965,58.94886020387142,7,23,71,A
759,Persona759,50,M,161.59133658633542,92.16505721294484,1,36,53,B
760,Persona760,41,F,192.13843957525893,57.347748458487835,54,93,80,C
761,Persona761,49,M,183.77254265531366,72.27095075622117,93,44,13,A
762,Persona762,53,M,159.86413655630724,60.92943479559312,24,85,64,B
763,Persona763,50,F,166.58975222495656,97.23075945578816,87,63,62,A
764,Persona764,51,F,193.41517895799382,78.60207327561751,53,62,53,B
765,Persona765,60,M,186.63960229558234,76.997044569925,6,58,54,A
766,Persona766,29,F,181.88739378037923,89.83599994568776,57,12,40,B
767,Persona767,29,M,164.40676648469173,64.7811514335865,34,93,35,C
768,Persona768,31,F,188.012469175122,94.08779392478904,43,48,44,A
769,Persona769,53,F,150.40707225979287,59.39622775182405,71,84,32,A
770,Persona770,55,M,169.96599322395753,63.08851702322034,64,53,5,B
771,Persona771,56,M,156.50976817413704,98.11033355431164,84,96,70,A
772,Persona772,46,M,191.79744468301436,81.49742552778893,49,66,45,C
773,Persona773,53,F,166.46775333007434,93.06711201492706,93,21,49,C
774,Persona774,60,F,167.97940031380546,96.92848069996649,40,17,9,A
775,Persona775,33,F,192.48257199100442,80.83910716386492,76,14,64,C
776,Persona776,45,F,156.14503553740843,60.96721829321491,37,90,65,A
777,Persona777,42,F,179.47494552893667,93.31235154930505,37,24,43,A
778,Persona778,51,F,183.4122504967874,57.1917634342447,99,44,31,B
779,Persona779,22,F,169.3854685037806,95.06400055055623,75,67,83,A
780,Persona780,32,M,164.85293500577137,54.10005103986389,84,76,81,B
781,Persona781,39,M,151.04138383802723,85.48089872262878,22,16,75,A
782,Persona782,51,F,151.77373701706114,77.79012427426622,59,54,98,B
783,Persona783,51,F,195.4415641390662,68.27244017920157,49,69,74,A
784,Persona784,40,M,187.93895821796346,76.42372838189833,28,11,38,A
785,Persona785,20,M,153.068171454027,79.50393079504279,99,51,65,B
786,Persona786,32,M,175.36700822017616,69.60299707639658,90,54,33,A
787,Persona787,47,M,161.9524417041667,68.50174916113085,25,75,10,A
788,Persona788,30,F,153.5795359830576,81.98661949142391,43,56,88,C
789,Persona789,51,M,179.19291067836755,87.98830336031868,47,8,74,B
790,Persona790,44,M,192.06690262987573,63.62130391734862,92,94,9,A
791,Persona791,45,M,182.3378358655533,66.7580512100395,69,29,30,C
792,Persona792,34,F,180.47282591645555,67.08184286916045,70,92,81,B
793,Persona793,57,F,165.89512491777035,63.72922953029473,59,66,82,C
794,Persona794,45,F,166.801133193441,57.54773575979651,89,88,87,B
795,Persona795,21,M,167.4147653095891,77.07199070830333,83,76,29,A
796,Persona796,41,M,196.38743508077698,74.87130340648432,98,2,20,C
797,Persona797,47,M,150.0185821912872,84.38674798943268,90,56,3,A
798,Persona798,49,F,157.50289935795863,95.03409484257027,79,8,41,A
799,Persona799,26,F,195.4469165890127,67.8570978303411,37,65,39,A
800,Persona800,33,F,164.95669728783858,93.60425041643981,69,74,47,B
801,Persona801,60,F,179.87053078110898,77.04693181276355,45,38,44,C
802,Persona802,45,M,151.23111079785883,63.1696397061568,83,85,83,B
803,Persona803,24,F,188.81563332378835,88.85895950315398,35,1,23,A
804,Persona804,33,F,158.73776828502628,98.3313256400855,55,26,93,A
805,Persona805,40,F,191.85903230590776,75.43484574188028,68,95,50,B
806,Persona806,35,M,153.5952816082927,92.31306630413818,84,48,100,C
807,Persona807,21,F,160.90662564563098,91.72247936761994,28,25,68,B
808,Persona808,47,M,165.4018606248433,56.494041319512505,19,18,96,C
809,Persona809,25,M,186.53554884973195,65.34565897692006,71,67,43,B
810,Persona810,33,F,163.83585106727858,67.84566151739,50,3,1,C
811,Persona811,40,F,173.42499302266444,97.56794390794784,8,52,80,A
812,Persona812,40,F,161.6421839430332,89.28948251021669,12,12,71,B
813,Persona813,49,F,199.99500692603678,88.35779893910248,8,94,82,B
814,Persona814,51,F,156.9597549576876,87.98690565240688,61,4,90,B
815,Persona815,53,M,165.19828675117344,74.35971622275585,33,75,75,A
816,Persona816,59,M,189.75727190212694,91.27165441873612,13,89,23,B
817,Persona817,60,M,163.63126019830176,54.400766236473764,98,92,68,C
818,Persona818,46,M,154.20725072302068,60.4148009919818,21,84,93,B
819,Persona819,24,F,193.20356837681936,96.0934154834215,34,82,12,B
820,Persona820,30,M,170.23052080467482,98.70676024622942,69,40,98,A
821,Persona821,23,F,167.02467411199848,68.21118802325444,10,75,51,A
822,Persona822,58,F,167.1446752248583,53.78004552260499,10,67,41,A
823,Persona823,47,F,165.8953275801098,72.03643658359209,28,10,1,B
824,Persona824,54,F,189.07166236807478,69.4114960495266,82,60,45,B
825,Persona825,20,F,183.73876507711174,73.31154250774713,58,48,53,A
826,Persona826,47,F,186.9395675975851,60.59267836310109,85,90,6,C
827,Persona827,55,M,177.42421782446138,89.78389154096217,99,7,86,A
828,Persona828,32,F,178.34540928946979,95.43369017365981,78,91,1,B
829,Persona829,52,M,174.14573279766535,71.45554569155738,48,66,83,A
830,Persona830,53,M,166.97391772212058,93.22973001062135,93,87,84,B
831,Persona831,52,F,159.24172554599534,66.84335818688602,64,92,17,C
832,Persona832,45,M,194.48662847644695,60.693563875244635,68,5,75,C
833,Persona833,37,M,176.35383456465112,77.27849426037415,37,8,29,B
834,Persona834,40,M,185.50116951104127,71.8187363710668,99,18,66,C
835,Persona835,44,F,177.64714249386105,51.14362152411875,77,97,87,A
836,Persona836,34,M,178.8525561949893,87.79440407695691,36,43,49,B
837,Persona837,27,M,199.51335747195424,73.71357608382924,74,13,97,B
838,Persona838,44,F,199.81738227996775,56.674631646249786,30,40,16,A
839,Persona839,56,F,164.37700007366738,57.05004736049049,3,99,92,A
840,Persona840,26,M,162.48799086981285,56.260982277041556,74,76,74,B
841,Persona841,40,F,188.24131357225787,57.44169585533706,86,13,23,B
842,Persona842,47,M,158.98297025946925,73.86301592106076,77,53,85,B
843,Persona843,41,F,177.82025475221485,72.04157879745756,90,84,91,C
844,Persona844,36,F,157.15243343940045,81.41664229471195,16,27,34,A
845,Persona845,55,M,170.86309013268527,56.539235853235404,42,67,52,B
846,Persona846,41,M,164.08875992714096,99.05099365229285,75,9,86,A
847,Persona847,47,F,184.38027911850622,95.59537408603386,2,27,33,A
848,Persona848,33,M,165.08590413385627,79.30689968696042,19,99,68,C
849,Persona849,22,M,160.24589809098435,65.25301935979323,80,4,100,B
850,Persona850,30,F,182.862005547726,69.48468986943891,53,27,84,A
851,Persona851,52,M,158.02874892291103,66.34911843491574,60,37,39,B
852,Persona852,22,F,176.80674176160372,61.26284958056522,28,32,19,A
853,Persona853,36,F,158.20380910793176,55.12872086078016,79,70,86,C
854,Persona854,25,F,185.1611406177589,78.54953589718899,94,46,48,B
855,Persona855,45,M,186.86539587567887,93.52633037379476,52,67,63,C
856,Persona856,20,M,179.62486523421063,65.80080214438993,58,52,91,B
857,Persona857,21,F,176.57923529779143,60.88007494261898,7,97,86,C
858,Persona858,60,M,190.3221066640839,84.10106511833573,63,20,13,A
859,Persona859,25,F,195.56225891900007,50.04586659565333,20,70,44,B
860,Persona860,54,F,170.27584440092448,96.19085668486858,37,50,66,C
861,Persona861,47,F,187.16882040831067,92.78556976834713,82,35,15,B
862,Persona862,60,M,157.42822626941415,65.474450070865,12,6,10,C
863,Persona863,44,F,191.83901056901985,61.857817226323185,79,6,5,C
864,Persona864,60,F,161.2378793673542,82.81045467168585,48,62,62,B
865,Persona865,32,M,188.1527247877194,65.03710935597849,26,51,13,A
866,Persona866,29,M,181.410953388733,80.41821438724327,85,83,44,C
867,Persona867,59,F,157.53195706250597,88.17655679123088,89,84,40,C
868,Persona868,34,F,167.52560869218988,71.95177514335886,40,83,70,B
869,Persona869,34,M,188.31699581444371,55.95617031253666,55,60,12,C
870,Persona870,21,M,162.13012753729467,96.06105973647892,96,43,23,C
871,Persona871,58,F,199.06809228005952,51.52684506595427,12,97,47,A
872,Persona872,31,F,196.4091741169326,76.00077770290494,95,83,51,A
873,Persona873,54,F,171.69523608111388,91.62358163845316,39,98,62,A
874,Persona874,44,M,179.42960524227576,76.0423230870403,97,47,97,B
875,Persona875,57,F,193.3480213627239,99.22462800152995,80,84,45,C
876,Persona876,30,F,156.90689562667197,68.25316072447033,33,45,51,B
877,Persona877,46,F,186.78811793200765,57.99908743406845,87,63,50,A
878,Persona878,52,M,162.66760844122538,75.29469446283733,83,58,70,C
879,Persona879,45,M,190.2437136420192,85.9297286367099,87,32,18,A
880,Persona880,45,M,160.7361731299969,89.85271769218082,28,7,78,B
881,Persona881,38,F,166.26584862263937,95.99185604981128,80,4,79,C
882,Persona882,40,M,151.9768818680728,54.73492903618972,97,79,48,A
883,Persona883,47,F,155.0969294666718,95.77231126554551,1,8,18,C
884,Persona884,39,F,160.30018667687193,53.90331716112813,81,63,82,B
885,Persona885,25,M,163.28065543301835,74.98610866020763,97,50,55,C
886,Persona886,60,M,166.5082462786074,72.16680052375162,53,80,45,A
887,Persona887,54,M,171.98935333648805,60.91640688935158,43,53,91,B
888,Persona888,44,F,177.88786742889118,93.53357762382359,25,58,70,B
889,Persona889,43,M,181.68504734355213,51.391592600187955,39,72,76,B
890,Persona890,41,M,186.71549740894034,54.367197592789736,40,51,7,A
891,Persona891,40,F,160.21543419938916,89.06732133748949,8,8,49,A
892,Persona892,60,M,164.0612363487595,55.85059823459413,57,8,16,B
893,Persona893,50,F,195.7998525633916,66.912335547668,64,64,95,B
894,Persona894,41,M,182.49647057293515,77.66495742960171,6,84,12,C
895,Persona895,53,F,195.3194189184835,98.26498682969759,88,23,34,A
896,Persona896,47,M,186.9565984483032,75.45628049646224,73,42,81,C
897,Persona897,33,M,185.15256188580508,68.64128960846584,78,39,74,C
898,Persona898,40,M,152.46890505166957,59.35456171287962,21,68,87,A
899,Persona899,33,F,186.13787638544002,53.77362972978964,57,96,70,B
900,Persona900,59,F,187.41968143887323,80.31820323926866,71,39,98,C
901,Persona901,25,F,198.4325137543151,95.3957895794895,34,53,63,A
902,Persona902,52,F,195.53011930089087,77.61399804100475,94,53,9,B
903,Persona903,46,F,199.18835550231265,68.84840876022754,18,45,92,B
904,Persona904,28,F,183.36444360955673,67.9564693143786,63,25,63,A
905,Persona905,53,M,175.6941325031388,68.20404249401868,82,75,78,A
906,Persona906,28,M,168.27161770543623,57.740436447655554,79,85,61,A
907,Persona907,31,F,158.329954450761,72.82784184015613,70,93,71,A
908,Persona908,43,F,150.261173746488,65.66315832186251,19,11,80,C
909,Persona909,54,F,157.92325678435301,72.00239499461048,66,12,17,B
910,Persona910,42,F,167.46860107185324,52.47123014808373,62,26,98,A
911,Persona911,52,F,177.43463913408982,79.54753543120995,68,86,59,C
912,Persona912,36,M,177.15678799768386,53.471205943342774,1,98,98,B
913,Persona913,30,F,161.82989335713916,69.44891212949055,51,13,40,C
914,Persona914,30,F,153.73882193425462,50.784942262377086,80,53,63,C
915,Persona915,20,F,184.26968477613798,71.2438043994321,49,99,70,A
916,Persona916,51,M,154.93641560466344,83.67543481323855,40,89,33,B
917,Persona917,30,M,159.55418838912357,91.32445736490209,41,10,100,A
918,Persona918,44,F,179.33135614463126,88.7359117599869,53,54,83,B
919,Persona919,46,M,150.40069285595592,85.48166753586459,93,70,82,A
920,Persona920,49,M,182.5157166424014,86.36818583593232,19,95,77,B
921,Persona921,34,F,179.82148833693418,50.74481855917582,67,47,26,C
922,Persona922,38,F,154.40851215833067,51.439757507748304,13,92,75,A
923,Persona923,60,M,184.36349133693275,83.17827915206715,61,55,78,B
924,Persona924,55,M,175.73401426688199,79.76298285649813,15,22,10,B
925,Persona925,36,F,188.99698906758766,85.17060434726943,66,81,91,B
926,Persona926,22,M,182.00529044859826,76.75504120221004,97,100,1,B
927,Persona927,34,M,168.58264740900805,50.38967790331515,33,8,66,A
928,Persona928,32,M,159.50852204485548,94.77471895608872,50,25,94,A
929,Persona929,21,F,155.50363515732408,72.95835252680602,35,40,18,C
930,Persona930,47,M,158.6719462935691,63.26323282754288,27,37,66,A
931,Persona931,54,M,175.11596332215723,53.990400057823685,60,39,58,A
932,Persona932,57,F,198.38657067787744,61.40026190040827,67,48,10,A
933,Persona933,32,M,184.96108441771162,92.86671713168664,16,12,11,A
934,Persona934,32,M,156.17869509203226,64.76070976839988,24,48,57,A
935,Persona935,39,F,167.84843521837897,54.61521163346148,28,68,89,B
936,Persona936,45,M,153.5537742198187,85.53731028610014,65,1,8,B
937,Persona937,27,F,153.14477107168847,82.05200238835857,9,27,76,C
938,Persona938,22,F,182.22463591807545,73.35341806739571,100,64,39,A
939,Persona939,55,M,176.70982169196543,66.456870000009,46,1,78,C
940,Persona940,56,M,189.02512657606823,74.6146282020691,92,97,89,C
941,Persona941,55,F,175.74804389120592,95.01068127420496,9,68,16,A
942,Persona942,58,F,164.57687919325483,61.18501755052733,84,13,32,C
943,Persona943,28,F,171.45499667365516,88.23073403124164,58,83,23,C
944,Persona944,32,M,197.14089318562628,88.80192975894619,81,64,20,C
945,Persona945,21,F,168.50983865000478,69.3336392496303,54,15,89,C
946,Persona946,38,F,193.71497886737183,55.203903011751756,31,99,52,C
947,Persona947,28,M,165.04775618225048,73.57459493967961,64,25,76,A
948,Persona948,33,M,175.8696341573791,86.28161507467416,35,17,1,B
949,Persona949,42,M,155.27908802405958,98.15539081326719,14,62,76,A
950,Persona950,44,F,179.230095555867,67.40301436960186,4,33,68,A
951,Persona951,34,M,152.73021852095533,71.005316736868,74,32,38,B
952,Persona952,28,M,162.11322234332312,90.56473330769944,94,61,97,C
953,Persona953,44,M,150.31656326836392,62.07371863117108,61,49,9,B
954,Persona954,22,M,165.2742518325092,56.20310130964608,67,1,61,C
955,Persona955,33,F,195.95717204805274,67.34645611203524,77,98,36,C
956,Persona956,30,F,171.1201143331174,79.76536367942519,5,13,42,B
957,Persona957,49,M,150.0384204812305,57.93803938123633,55,2,70,C
958,Persona958,56,M,185.79507130102832,83.97914551854815,18,49,81,C
959,Persona959,45,F,151.87569063732536,84.21748733684646,75,44,26,B
960,Persona960,25,M,190.5261507573681,86.25789762799722,57,54,81,A
961,Persona961,47,F,157.8881244431781,66.8540217089813,49,94,99,C
962,Persona962,34,F,160.46925714333275,70.65322005210047,74,79,30,B
963,Persona963,22,F,191.546566973715,94.41744746593477,23,67,93,B
964,Persona964,51,M,196.8254904862641,51.09494366984374,98,45,88,C
965,Persona965,29,M,183.25660573114197,56.59884048971677,36,5,90,B
966,Persona966,39,M,157.54401809507684,76.18658270312521,47,82,41,A
967,Persona967,50,F,169.67637556980094,68.4363407906952,56,13,94,C
968,Persona968,37,M,166.5512003056934,70.65188298117809,62,12,56,C
969,Persona969,50,M,173.42823456742858,92.69026415753622,83,43,14,C
970,Persona970,55,F,157.4752455879567,87.1831036475183,36,30,33,B
971,Persona971,52,F,162.5794582058821,51.002359214513774,64,95,53,C
972,Persona972,38,M,188.00474737197797,52.42050623508231,3,53,24,C
973,Persona973,53,F,186.70387871822965,76.26217704641138,66,41,83,A
974,Persona974,58,F,186.5286440145349,89.19321670691261,1,13,62,B
975,Persona975,38,M,182.37524295854635,70.14629007886069,97,7,56,C
976,Persona976,39,F,160.99457917296382,74.29822065671776,51,62,7,B
977,Persona977,42,F,186.1347616947568,52.48511091391909,11,26,83,C
978,Persona978,54,M,173.52755950348833,76.0403906601789,76,14,95,A
979,Persona979,54,M,158.36342298519685,85.30838016233352,10,3,59,B
980,Persona980,36,M,184.7485629755101,90.25411047950207,71,92,78,C
981,Persona981,26,M,181.3914084823562,51.930103298659816,8,26,36,A
982,Persona982,50,F,190.6793871309651,54.03694323682373,87,42,37,A
983,Persona983,36,M,195.24116942113744,78.05354525066697,63,73,50,B
984,Persona984,33,M,182.39307302867144,89.7130946803667,89,38,80,B
985,Persona985,57,F,150.009366982553,54.04307952370808,91,99,73,B
986,Persona986,22,F,178.75511346770378,63.28496764570134,25,19,78,A
987,Persona987,56,M,157.2617941895776,73.04825837437491,10,56,22,B
988,Persona988,22,M,189.1431639550683,83.9042108435346,89,61,39,B
989,Persona989,42,M,153.52882814118692,91.6348067982683,63,2,92,A
990,Persona990,24,M,167.695499731681,82.67419617951728,85,48,15,A
991,Persona991,42,F,199.3953074495171,60.292065006707745,51,71,9,B
992,Persona992,31,M,175.94176405908107,90.52654888448441,38,92,86,A
993,Persona993,37,M,165.34783247259142,69.70160250551413,65,33,47,B
994,Persona994,22,F,190.973169044782,92.98371042373216,21,53,82,B
995,Persona995,36,M,165.185944310041,93.51379104140595,15,29,17,B
996,Persona996,34,F,162.116858911577,58.31078995592445,61,71,4,C
997,Persona997,37,F,198.11734580826166,98.02653129591437,66,51,60,A
998,Persona998,35,M,195.82335791868323,59.489074868730576,90,52,98,B
999,Persona999,30,M,166.88505420704348,64.43265113772104,83,42,10,B
1000,Persona1000,25,M,175.5468433023863,81.36545351128578,69,20,91,A
